IXI_ID,wrong_label,true_age,dbn_ours,dbn_antspynet,sfcn_ours,dbn_old_pipeline
275,59.1,24.2,30.8,28.7,53.9,53.2
94,36.5,24.9,47.6,46.7,55.5,66.0
372,59.7,29.3,51.3,42.3,57.5,
109,57.2,36.5,42.0,36.3,55.8,
130,27.0,38.8,45.6,42.0,60.8,61.7
542,25.6,44.4,61.4,56.7,58.8,
330,72.6,44.5,47.6,47.3,56.4,67.2
194,36.1,48.3,51.4,48.6,58.4,64.4
429,65.3,55.5,56.2,54.6,61.2,66.1
212,30.0,59.1,58.4,56.2,65.0,63.5
156,30.1,59.4,57.7,59.3,64.2,67.6
259,50.9,59.8,59.8,54.5,65.4,66.4
480,81.9,60.0,57.5,54.3,61.4,65.7
310,52.7,62.0,67.1,56.5,63.8,
487,66.3,66.3,56.1,57.9,68.8,69.0
