IXI_ID,site,filename,AGE_old_wrong,sex_old_wrong,AGE_corrected,SEX_ID,row_index,sex_matches_iaudit,sex_corrected
2,Guys,IXI002-Guys-0828-T1.nii,46.71047228,Male,35.80013689,2.0,0.0,True,Female
12,HH,IXI012-HH-1211-T1.nii,37.69746749,Female,38.7816564,1.0,1.0,True,Male
13,HH,IXI013-HH-1212-T1.nii,29.77960301,Female,46.71047228,1.0,2.0,True,Male
14,HH,IXI014-HH-1236-T1.nii,34.47775496,Female,34.23682409,2.0,3.0,True,Female
15,HH,IXI015-HH-1258-T1.nii,30.41752225,Male,24.28473648,1.0,4.0,True,Male
16,Guys,IXI016-Guys-0697-T1.nii,74.02600958,Male,55.16769336,1.0,5.0,True,Male
17,Guys,IXI017-Guys-0698-T1.nii,59.22245038,Female,29.09240246,2.0,6.0,True,Female
19,Guys,IXI019-Guys-0702-T1.nii,31.13483915,Male,58.65845311,1.0,7.0,True,Male
20,Guys,IXI020-Guys-0700-T1.nii,24.76386037,Male,39.4661191,1.0,8.0,True,Male
21,Guys,IXI021-Guys-0703-T1.nii,24.34223135,Female,21.56605065,2.0,9.0,True,Female
22,Guys,IXI022-Guys-0701-T1.nii,37.14442163,Female,30.67214237,1.0,10.0,True,Male
23,Guys,IXI023-Guys-0699-T1.nii,23.53730322,Male,33.07871321,2.0,11.0,True,Female
24,Guys,IXI024-Guys-0705-T1.nii,37.21013005,Female,37.69746749,2.0,12.0,True,Female
25,Guys,IXI025-Guys-0852-T1.nii,21.38261465,Male,29.77960301,2.0,13.0,True,Female
26,Guys,IXI026-Guys-0696-T1.nii,23.34839151,Male,34.47775496,2.0,14.0,True,Female
27,Guys,IXI027-Guys-0710-T1.nii,44.09308693,Female,30.41752225,1.0,15.0,True,Male
28,Guys,IXI028-Guys-1038-T1.nii,27.38945927,Male,74.02600958,1.0,16.0,True,Male
29,Guys,IXI029-Guys-0829-T1.nii,27.8220397,Female,59.22245038,2.0,17.0,True,Female
30,Guys,IXI030-Guys-0708-T1.nii,22.64750171,Female,31.46064339,1.0,18.0,True,Male
31,Guys,IXI031-Guys-0797-T1.nii,44.85147159,Female,31.13483915,1.0,19.0,True,Male
33,HH,IXI033-HH-1259-T1.nii,37.73305955,Female,24.76386037,1.0,20.0,True,Male
34,HH,IXI034-HH-1260-T1.nii,50.65023956,Male,24.34223135,2.0,21.0,True,Female
35,IOP,IXI035-IOP-0873-T1.nii,31.85489391,Male,37.14442163,2.0,22.0,True,Female
36,Guys,IXI036-Guys-0736-T1.nii,63.18685832,Male,23.53730322,1.0,23.0,True,Male
37,Guys,IXI037-Guys-0704-T1.nii,25.7412731,Female,37.21013005,2.0,24.0,True,Female
38,Guys,IXI038-Guys-0729-T1.nii,33.76317591,Female,21.38261465,1.0,25.0,True,Male
39,HH,IXI039-HH-1261-T1.nii,53.30595483,Male,23.34839151,1.0,26.0,True,Male
40,Guys,IXI040-Guys-0724-T1.nii,41.7522245,Female,44.09308693,2.0,27.0,True,Female
41,Guys,IXI041-Guys-0706-T1.nii,49.40451745,Female,27.38945927,1.0,28.0,True,Male
42,Guys,IXI042-Guys-0725-T1.nii,25.93839836,Male,27.8220397,2.0,29.0,True,Female
43,Guys,IXI043-Guys-0714-T1.nii,28.15879535,Female,22.64750171,2.0,30.0,True,Female
44,Guys,IXI044-Guys-0712-T1.nii,29.27857632,Male,44.85147159,2.0,31.0,True,Female
45,Guys,IXI045-Guys-0713-T1.nii,34.13826146,Male,40.03559206,2.0,32.0,True,Female
46,Guys,IXI046-Guys-0824-T1.nii,30.69952088,Male,37.73305955,2.0,33.0,True,Female
48,HH,IXI048-HH-1326-T1.nii,36.21629021,Male,50.65023956,1.0,34.0,True,Male
49,HH,IXI049-HH-1358-T1.nii,41.12251882,Male,31.85489391,1.0,35.0,True,Male
50,Guys,IXI050-Guys-0711-T1.nii,20.07118412,Male,63.18685832,1.0,36.0,True,Male
51,HH,IXI051-HH-1328-T1.nii,23.71526352,Female,25.7412731,2.0,37.0,True,Female
52,HH,IXI052-HH-1343-T1.nii,46.16837782,Female,33.76317591,2.0,38.0,True,Female
53,Guys,IXI053-Guys-0727-T1.nii,24.6899384,Male,53.30595483,1.0,39.0,True,Male
54,Guys,IXI054-Guys-0707-T1.nii,24.56947296,Female,41.7522245,2.0,40.0,True,Female
55,Guys,IXI055-Guys-0730-T1.nii,26.27241615,Female,49.40451745,2.0,41.0,True,Female
56,HH,IXI056-HH-1327-T1.nii,20.69815195,Female,25.93839836,1.0,42.0,True,Male
57,HH,IXI057-HH-1342-T1.nii,37.00205339,Female,28.15879535,2.0,43.0,True,Female
58,Guys,IXI058-Guys-0726-T1.nii,68.60232717,Male,29.27857632,1.0,44.0,True,Male
59,HH,IXI059-HH-1284-T1.nii,46.36550308,Female,34.13826146,1.0,45.0,True,Male
60,Guys,IXI060-Guys-0709-T1.nii,22.53251198,Female,30.69952088,1.0,46.0,True,Male
61,Guys,IXI061-Guys-0715-T1.nii,35.99178645,Female,59.00342231,2.0,47.0,True,Female
62,Guys,IXI062-Guys-0740-T1.nii,55.8275154,Male,36.21629021,1.0,48.0,True,Male
63,Guys,IXI063-Guys-0742-T1.nii,36.47912389,Female,41.12251882,1.0,49.0,True,Male
64,Guys,IXI064-Guys-0743-T1.nii,28.5065024,Female,20.07118412,1.0,50.0,True,Male
65,Guys,IXI065-Guys-0744-T1.nii,52.5338809,Female,23.71526352,2.0,51.0,True,Female
66,Guys,IXI066-Guys-0731-T1.nii,21.19917864,Female,46.16837782,2.0,52.0,True,Female
68,Guys,IXI068-Guys-0756-T1.nii,30.89390828,Male,24.56947296,2.0,54.0,True,Female
69,Guys,IXI069-Guys-0769-T1.nii,38.23408624,Female,26.27241615,2.0,55.0,True,Female
70,Guys,IXI070-Guys-0767-T1.nii,31.84941821,Female,20.69815195,2.0,56.0,True,Female
71,Guys,IXI071-Guys-0770-T1.nii,30.0698152,Male,37.00205339,2.0,57.0,True,Female
72,HH,IXI072-HH-2324-T1.nii,25.66187543,Female,68.60232717,1.0,58.0,True,Male
74,Guys,IXI074-Guys-0771-T1.nii,49.40451745,Female,,,,,
75,Guys,IXI075-Guys-0754-T1.nii,41.82067077,Male,35.99178645,2.0,61.0,True,Female
76,Guys,IXI076-Guys-0753-T1.nii,28.61327858,Male,55.8275154,1.0,62.0,True,Male
77,Guys,IXI077-Guys-0752-T1.nii,33.24024641,Male,36.47912389,2.0,63.0,True,Female
78,Guys,IXI078-Guys-0751-T1.nii,26.87748118,Male,28.5065024,2.0,64.0,True,Female
79,HH,IXI079-HH-1388-T1.nii,24.85420945,Male,52.5338809,2.0,65.0,True,Female
80,HH,IXI080-HH-1341-T1.nii,24.89527721,Female,21.19917864,2.0,66.0,True,Female
81,Guys,IXI081-Guys-0855-T1.nii,26.92402464,Male,,,,,
83,HH,IXI083-HH-1357-T1.nii,29.7303217,Male,30.89390828,1.0,68.0,True,Male
84,Guys,IXI084-Guys-0741-T1.nii,51.75359343,Male,38.23408624,2.0,69.0,True,Female
85,Guys,IXI085-Guys-0759-T1.nii,41.51129363,Female,31.84941821,2.0,70.0,True,Female
86,Guys,IXI086-Guys-0728-T1.nii,45.77412731,Male,30.0698152,1.0,71.0,True,Male
87,Guys,IXI087-Guys-0768-T1.nii,24.62149213,Female,25.66187543,2.0,72.0,True,Female
88,Guys,IXI088-Guys-0758-T1.nii,31.80835044,Male,,,,,
89,Guys,IXI089-Guys-0757-T1.nii,26.98425736,Male,49.40451745,2.0,41.0,True,Female
90,Guys,IXI090-Guys-0800-T1.nii,38.90212183,Male,41.82067077,1.0,75.0,True,Male
91,Guys,IXI091-Guys-0762-T1.nii,36.67077344,Male,28.61327858,1.0,76.0,True,Male
92,HH,IXI092-HH-1436-T1.nii,31.89596167,Female,33.24024641,1.0,77.0,True,Male
93,HH,IXI093-HH-1359-T1.nii,43.16221766,Male,26.87748118,1.0,78.0,True,Male
94,HH,IXI094-HH-1355-T1.nii,36.46817248,Female,24.85420945,1.0,79.0,True,Male
95,HH,IXI095-HH-1390-T1.nii,37.76591376,Male,24.89527721,2.0,80.0,True,Female
96,HH,IXI096-HH-1391-T1.nii,25.18548939,Male,26.92402464,1.0,81.0,True,Male
97,HH,IXI097-HH-1619-T1.nii,23.69883641,Male,35.02258727,2.0,82.0,True,Female
98,Guys,IXI098-Guys-0745-T1.nii,32.3613963,Female,29.7303217,1.0,83.0,True,Male
99,Guys,IXI099-Guys-0748-T1.nii,65.40999316,Female,51.75359343,1.0,84.0,True,Male
100,Guys,IXI100-Guys-0747-T1.nii,72.13141684,Male,41.51129363,2.0,85.0,True,Female
101,Guys,IXI101-Guys-0749-T1.nii,23.84668036,Male,45.77412731,1.0,86.0,True,Male
103,Guys,IXI103-Guys-0750-T1.nii,25.92744695,Female,31.80835044,1.0,88.0,True,Male
104,HH,IXI104-HH-1450-T1.nii,32.16974675,Female,26.98425736,1.0,89.0,True,Male
105,HH,IXI105-HH-1471-T1.nii,53.67008898,Female,38.90212183,1.0,90.0,True,Male
106,Guys,IXI106-Guys-0760-T1.nii,35.07186858,Male,36.67077344,1.0,91.0,True,Male
107,Guys,IXI107-Guys-0761-T1.nii,22.97330595,Female,31.89596167,2.0,92.0,True,Female
108,Guys,IXI108-Guys-0865-T1.nii,46.57905544,Female,43.16221766,1.0,93.0,True,Male
109,Guys,IXI109-Guys-0732-T1.nii,57.22108145,Male,36.46817248,2.0,94.0,True,Female
110,Guys,IXI110-Guys-0733-T1.nii,29.49760438,Female,37.76591376,1.0,95.0,True,Male
111,Guys,IXI111-Guys-0734-T1.nii,27.32648871,Female,25.18548939,1.0,96.0,True,Male
112,Guys,IXI112-Guys-0735-T1.nii,23.03901437,Male,23.69883641,1.0,97.0,True,Male
113,Guys,IXI113-Guys-0776-T1.nii,38.77344285,Male,32.3613963,2.0,98.0,True,Female
114,Guys,IXI114-Guys-0737-T1.nii,45.229295,Female,65.40999316,2.0,99.0,True,Female
115,Guys,IXI115-Guys-0738-T1.nii,58.71594798,Male,72.13141684,1.0,100.0,True,Male
116,Guys,IXI116-Guys-0739-T1.nii,47.35386721,Male,23.84668036,1.0,101.0,True,Male
117,Guys,IXI117-Guys-0763-T1.nii,29.00479124,Male,,,,,
118,Guys,IXI118-Guys-0764-T1.nii,35.80561259,Male,25.92744695,2.0,103.0,True,Female
119,Guys,IXI119-Guys-0765-T1.nii,41.229295,Male,32.16974675,2.0,104.0,True,Female
120,Guys,IXI120-Guys-0766-T1.nii,33.13894593,Female,53.67008898,2.0,105.0,True,Female
121,Guys,IXI121-Guys-0772-T1.nii,32.93634497,Male,35.07186858,1.0,106.0,True,Male
122,Guys,IXI122-Guys-0773-T1.nii,27.83572895,Female,22.97330595,2.0,107.0,True,Female
123,Guys,IXI123-Guys-0774-T1.nii,46.00684463,Female,46.57905544,2.0,108.0,True,Female
126,HH,IXI126-HH-1437-T1.nii,29.35797399,Female,57.22108145,1.0,109.0,True,Male
127,HH,IXI127-HH-1451-T1.nii,49.3853525,Male,29.49760438,2.0,110.0,True,Female
128,HH,IXI128-HH-1470-T1.nii,33.59342916,Male,27.32648871,2.0,111.0,True,Female
129,Guys,IXI129-Guys-0775-T1.nii,40.55578371,Female,23.03901437,1.0,112.0,True,Male
130,HH,IXI130-HH-1528-T1.nii,27.01437372,Female,38.77344285,1.0,113.0,True,Male
131,HH,IXI131-HH-1527-T1.nii,45.38809035,Male,45.229295,2.0,114.0,True,Female
132,HH,IXI132-HH-1415-T1.nii,22.4312115,Male,58.71594798,1.0,115.0,True,Male
134,Guys,IXI134-Guys-0780-T1.nii,59.38124572,Female,47.35386721,1.0,116.0,True,Male
135,Guys,IXI135-Guys-0779-T1.nii,54.4257358,Female,29.00479124,1.0,117.0,True,Male
136,HH,IXI136-HH-1452-T1.nii,75.63312799,Female,35.80561259,1.0,118.0,True,Male
137,HH,IXI137-HH-1472-T1.nii,24.14236824,Female,41.229295,1.0,119.0,True,Male
138,Guys,IXI138-Guys-0746-T1.nii,39.39767283,Female,33.13894593,2.0,120.0,True,Female
139,Guys,IXI139-Guys-0815-T1.nii,65.11430527,Female,32.93634497,1.0,121.0,True,Male
140,Guys,IXI140-Guys-0787-T1.nii,50.52429843,Male,27.83572895,2.0,122.0,True,Female
141,Guys,IXI141-Guys-0789-T1.nii,48.05201916,Male,46.00684463,2.0,123.0,True,Female
142,Guys,IXI142-Guys-0786-T1.nii,64.46817248,Male,48.25462012,2.0,124.0,True,Female
143,Guys,IXI143-Guys-0785-T1.nii,24.37508556,Male,31.95619439,2.0,125.0,True,Female
144,Guys,IXI144-Guys-0788-T1.nii,41.2019165,Female,29.35797399,2.0,126.0,True,Female
145,Guys,IXI145-Guys-0781-T1.nii,67.53456537,Female,49.3853525,1.0,127.0,True,Male
146,HH,IXI146-HH-1389-T1.nii,43.82477755,Male,33.59342916,1.0,128.0,True,Male
148,HH,IXI148-HH-1453-T1.nii,31.59206023,Female,40.55578371,2.0,129.0,True,Female
150,HH,IXI150-HH-1550-T1.nii,29.5742642,Female,27.01437372,2.0,130.0,True,Female
151,Guys,IXI151-Guys-0793-T1.nii,63.09650924,Female,45.38809035,1.0,131.0,True,Male
153,Guys,IXI153-Guys-0782-T1.nii,24.85420945,Male,22.4312115,1.0,132.0,True,Male
154,Guys,IXI154-Guys-0821-T1.nii,34.28884326,Male,24.34223135,2.0,21.0,True,Female
156,Guys,IXI156-Guys-0837-T1.nii,30.14373717,Male,59.38124572,2.0,134.0,True,Female
157,Guys,IXI157-Guys-0816-T1.nii,42.15195072,Female,54.4257358,2.0,135.0,True,Female
158,Guys,IXI158-Guys-0783-T1.nii,45.69746749,Male,75.63312799,2.0,136.0,True,Female
159,HH,IXI159-HH-1549-T1.nii,60.97467488,Male,24.14236824,2.0,137.0,True,Female
160,HH,IXI160-HH-1637-T1.nii,30.17659138,Male,39.39767283,2.0,138.0,True,Female
161,HH,IXI161-HH-2533-T1.nii,30.11909651,Male,65.11430527,2.0,139.0,True,Female
162,HH,IXI162-HH-1548-T1.nii,83.45790554,Male,50.52429843,1.0,140.0,True,Male
163,HH,IXI163-HH-1621-T1.nii,61.15263518,Female,48.05201916,1.0,141.0,True,Male
164,Guys,IXI164-Guys-0844-T1.nii,44.02464066,Female,64.46817248,1.0,142.0,True,Male
165,HH,IXI165-HH-1589-T1.nii,41.71937029,Female,24.37508556,1.0,143.0,True,Male
166,Guys,IXI166-Guys-0846-T1.nii,44.20533881,Male,41.2019165,2.0,144.0,True,Female
167,HH,IXI167-HH-1569-T1.nii,38.93771389,Male,67.53456537,2.0,145.0,True,Female
168,HH,IXI168-HH-1607-T1.nii,55.23887748,Female,43.82477755,1.0,146.0,True,Male
169,Guys,IXI169-Guys-0842-T1.nii,48.33127995,Female,58.76796715,2.0,147.0,True,Female
170,Guys,IXI170-Guys-0843-T1.nii,37.82888433,Male,31.59206023,2.0,148.0,True,Female
172,Guys,IXI172-Guys-0982-T1.nii,60.46269678,Female,74.98973306,1.0,149.0,True,Male
173,HH,IXI173-HH-1590-T1.nii,45.25667351,Male,29.5742642,2.0,150.0,True,Female
174,HH,IXI174-HH-1571-T1.nii,63.66324435,Male,63.09650924,2.0,151.0,True,Female
175,HH,IXI175-HH-1570-T1.nii,49.9192334,Female,72.26557153,1.0,152.0,True,Male
176,HH,IXI176-HH-1604-T1.nii,22.41478439,Female,24.85420945,1.0,79.0,True,Male
177,Guys,IXI177-Guys-0831-T1.nii,20.1670089,Male,34.28884326,1.0,154.0,True,Male
178,Guys,IXI178-Guys-0778-T1.nii,74.63655031,Female,25.4072553,1.0,155.0,True,Male
179,Guys,IXI179-Guys-0777-T1.nii,45.3798768,Male,30.14373717,1.0,156.0,True,Male
180,HH,IXI180-HH-1605-T1.nii,50.02327173,Female,42.15195072,2.0,157.0,True,Female
181,Guys,IXI181-Guys-0790-T1.nii,40.3613963,Female,45.69746749,1.0,158.0,True,Male
182,Guys,IXI182-Guys-0792-T1.nii,33.99589322,Male,60.97467488,1.0,159.0,True,Male
183,Guys,IXI183-Guys-0791-T1.nii,32.64339493,Male,30.17659138,1.0,160.0,True,Male
184,Guys,IXI184-Guys-0794-T1.nii,69.32511978,Male,30.11909651,1.0,161.0,True,Male
185,Guys,IXI185-Guys-0795-T1.nii,55.11841205,Male,83.45790554,1.0,162.0,True,Male
186,Guys,IXI186-Guys-0796-T1.nii,59.12936345,Male,61.15263518,2.0,163.0,True,Female
188,Guys,IXI188-Guys-0798-T1.nii,24.31211499,Female,44.02464066,2.0,164.0,True,Female
189,Guys,IXI189-Guys-0799-T1.nii,73.01574264,Male,41.71937029,2.0,165.0,True,Female
191,Guys,IXI191-Guys-0801-T1.nii,35.40588638,Female,44.20533881,1.0,166.0,True,Male
192,Guys,IXI192-Guys-0878-T1.nii,53.08145106,Female,38.93771389,1.0,167.0,True,Male
193,Guys,IXI193-Guys-0810-T1.nii,48.54757016,Male,55.23887748,2.0,168.0,True,Female
194,Guys,IXI194-Guys-0818-T1.nii,36.06023272,Female,48.33127995,2.0,169.0,True,Female
195,HH,IXI195-HH-1620-T1.nii,63.24709103,Male,37.82888433,1.0,170.0,True,Male
196,Guys,IXI196-Guys-0805-T1.nii,36.91991786,Female,29.11430527,2.0,171.0,True,Female
197,Guys,IXI197-Guys-0811-T1.nii,47.01437372,Female,60.46269678,2.0,172.0,True,Female
198,Guys,IXI198-Guys-0803-T1.nii,41.9028063,Female,45.25667351,1.0,173.0,True,Male
199,Guys,IXI199-Guys-0802-T1.nii,67.05544148,Female,63.66324435,1.0,174.0,True,Male
201,HH,IXI201-HH-1588-T1.nii,72.3504449,Female,22.41478439,2.0,176.0,True,Female
202,HH,IXI202-HH-1526-T1.nii,21.15263518,Female,20.1670089,1.0,177.0,True,Male
204,HH,IXI204-HH-1651-T1.nii,28.81040383,Female,74.63655031,2.0,178.0,True,Female
205,HH,IXI205-HH-1649-T1.nii,26.75427789,Female,45.3798768,1.0,179.0,True,Male
206,HH,IXI206-HH-1650-T1.nii,33.13347023,Male,50.02327173,2.0,180.0,True,Female
207,Guys,IXI207-Guys-0809-T1.nii,25.71389459,Male,40.3613963,2.0,181.0,True,Female
208,Guys,IXI208-Guys-0808-T1.nii,78.20396988,Female,33.99589322,1.0,182.0,True,Male
209,Guys,IXI209-Guys-0804-T1.nii,27.72621492,Female,32.64339493,1.0,183.0,True,Male
210,Guys,IXI210-Guys-0856-T1.nii,62.9596167,Female,69.32511978,1.0,184.0,True,Male
211,HH,IXI211-HH-1568-T1.nii,39.03627652,Male,55.11841205,1.0,185.0,True,Male
212,HH,IXI212-HH-1643-T1.nii,30.00684463,Male,59.12936345,1.0,186.0,True,Male
213,HH,IXI213-HH-1642-T1.nii,31.37029432,Male,54.66392882,2.0,187.0,True,Female
214,HH,IXI214-HH-1636-T1.nii,49.04312115,Female,24.31211499,2.0,188.0,True,Female
216,HH,IXI216-HH-1635-T1.nii,29.81793292,Male,73.01574264,1.0,189.0,True,Male
217,HH,IXI217-HH-1638-T1.nii,44.87611225,Female,57.21013005,2.0,190.0,True,Female
218,HH,IXI218-HH-1815-T1.nii,68.26830938,Male,35.40588638,2.0,191.0,True,Female
219,Guys,IXI219-Guys-0894-T1.nii,72.8843258,Female,53.08145106,2.0,192.0,True,Female
221,HH,IXI221-HH-1606-T1.nii,70.55989049,Female,48.54757016,1.0,193.0,True,Male
222,Guys,IXI222-Guys-0819-T1.nii,24.00273785,Female,36.06023272,2.0,194.0,True,Female
223,Guys,IXI223-Guys-0830-T1.nii,25.58247775,Female,63.24709103,1.0,195.0,True,Male
224,Guys,IXI224-Guys-0823-T1.nii,57.70294319,Female,36.91991786,2.0,196.0,True,Female
225,Guys,IXI225-Guys-0832-T1.nii,27.38398357,Male,47.01437372,2.0,197.0,True,Female
226,HH,IXI226-HH-1618-T1.nii,69.54688569,Male,41.9028063,2.0,198.0,True,Female
227,Guys,IXI227-Guys-0813-T1.nii,22.57084189,Female,67.05544148,2.0,199.0,True,Female
228,Guys,IXI228-Guys-0822-T1.nii,59.78370979,Female,,,,,
229,Guys,IXI229-Guys-0980-T1.nii,60.90622861,Male,72.3504449,2.0,201.0,True,Female
230,IOP,IXI230-IOP-0869-T1.nii,34.20670773,Male,21.15263518,2.0,202.0,True,Female
231,IOP,IXI231-IOP-0866-T1.nii,20.92813142,Female,58.99247091,2.0,203.0,True,Female
232,IOP,IXI232-IOP-0898-T1.nii,25.2128679,Female,28.81040383,2.0,204.0,True,Female
233,IOP,IXI233-IOP-0875-T1.nii,44.88158795,Female,26.75427789,2.0,205.0,True,Female
234,IOP,IXI234-IOP-0870-T1.nii,27.38124572,Female,33.13347023,1.0,206.0,True,Male
236,Guys,IXI236-Guys-0817-T1.nii,35.44695414,Male,25.71389459,1.0,207.0,True,Male
237,Guys,IXI237-Guys-1049-T1.nii,44.91991786,Female,78.20396988,2.0,208.0,True,Female
238,IOP,IXI238-IOP-0883-T1.nii,26.57905544,Female,27.72621492,2.0,209.0,True,Female
239,HH,IXI239-HH-2296-T1.nii,61.01574264,Female,62.9596167,2.0,210.0,True,Female
240,Guys,IXI240-Guys-0834-T1.nii,73.53867214,Female,39.03627652,1.0,211.0,True,Male
241,Guys,IXI241-Guys-0833-T1.nii,24.17522245,Male,30.00684463,1.0,212.0,True,Male
242,HH,IXI242-HH-1722-T1.nii,20.90896646,Male,31.37029432,1.0,213.0,True,Male
244,Guys,IXI244-Guys-0841-T1.nii,20.21355236,Male,49.04312115,2.0,214.0,True,Female
246,Guys,IXI246-Guys-0840-T1.nii,42.50787132,Female,42.22039699,2.0,215.0,True,Female
247,Guys,IXI247-Guys-0838-T1.nii,40.00821355,Male,29.81793292,1.0,216.0,True,Male
248,HH,IXI248-HH-1972-T1.nii,63.04449008,Female,44.87611225,2.0,217.0,True,Female
249,Guys,IXI249-Guys-1072-T1.nii,40.81314168,Male,68.26830938,1.0,218.0,True,Male
250,Guys,IXI250-Guys-0836-T1.nii,54.27789185,Male,72.8843258,2.0,219.0,True,Female
251,Guys,IXI251-Guys-1055-T1.nii,44.99110198,Female,80.16974675,2.0,220.0,True,Female
252,HH,IXI252-HH-1693-T1.nii,78.58453114,Female,70.55989049,2.0,221.0,True,Female
253,HH,IXI253-HH-1694-T1.nii,60.84052019,Male,24.00273785,2.0,222.0,True,Female
254,HH,IXI254-HH-1705-T1.nii,45.7522245,Female,25.58247775,2.0,223.0,True,Female
255,HH,IXI255-HH-1882-T1.nii,30.68856947,Female,57.70294319,2.0,224.0,True,Female
256,HH,IXI256-HH-1723-T1.nii,23.73169062,Female,27.38398357,1.0,225.0,True,Male
257,HH,IXI257-HH-1724-T1.nii,26.52156057,Female,69.54688569,1.0,226.0,True,Male
258,HH,IXI258-HH-1769-T1.nii,27.08281999,Female,22.57084189,2.0,227.0,True,Female
259,HH,IXI259-HH-1804-T1.nii,50.90212183,Female,59.78370979,2.0,228.0,True,Female
260,HH,IXI260-HH-1805-T1.nii,63.97262149,Female,60.90622861,1.0,229.0,True,Male
261,HH,IXI261-HH-1704-T1.nii,51.29089665,Male,34.20670773,1.0,230.0,True,Male
262,HH,IXI262-HH-1861-T1.nii,43.46064339,Female,20.92813142,2.0,231.0,True,Female
263,HH,IXI263-HH-1684-T1.nii,53.4072553,Female,25.2128679,2.0,232.0,True,Female
264,Guys,IXI264-Guys-0854-T1.nii,38.27789185,Male,44.88158795,2.0,233.0,True,Female
265,Guys,IXI265-Guys-0845-T1.nii,59.50992471,Male,,,,,
266,Guys,IXI266-Guys-0853-T1.nii,25.46475017,Male,61.06502396,2.0,235.0,True,Female
267,HH,IXI267-HH-1772-T1.nii,46.59000684,Female,35.44695414,1.0,236.0,True,Male
268,Guys,IXI268-Guys-0858-T1.nii,62.50513347,Female,44.91991786,2.0,237.0,True,Female
269,Guys,IXI269-Guys-0839-T1.nii,30.18206708,Female,26.57905544,2.0,238.0,True,Female
270,Guys,IXI270-Guys-0847-T1.nii,33.00479124,Male,61.01574264,2.0,239.0,True,Female
274,HH,IXI274-HH-2294-T1.nii,61.58795346,Male,73.53867214,2.0,240.0,True,Female
275,HH,IXI275-HH-1803-T1.nii,59.14852841,Female,24.17522245,1.0,241.0,True,Male
276,HH,IXI276-HH-1840-T1.nii,65.85352498,Male,20.90896646,1.0,242.0,True,Male
277,HH,IXI277-HH-1770-T1.nii,45.85900068,Male,61.33607118,2.0,243.0,True,Female
278,HH,IXI278-HH-1771-T1.nii,25.45106092,Female,20.21355236,1.0,244.0,True,Male
279,Guys,IXI279-Guys-1044-T1.nii,56.93908282,Male,51.88227242,1.0,245.0,True,Male
280,HH,IXI280-HH-1860-T1.nii,67.79466119,Male,42.50787132,2.0,246.0,True,Female
282,HH,IXI282-HH-2025-T1.nii,59.4715948,Male,40.00821355,1.0,247.0,True,Male
284,HH,IXI284-HH-2354-T1.nii,54.74332649,Female,63.04449008,2.0,248.0,True,Female
285,Guys,IXI285-Guys-0857-T1.nii,28.47638604,Female,40.81314168,1.0,249.0,True,Male
286,Guys,IXI286-Guys-0859-T1.nii,60.07939767,Male,54.27789185,1.0,250.0,True,Male
287,Guys,IXI287-Guys-0863-T1.nii,52.66529774,Female,44.99110198,2.0,251.0,True,Female
288,Guys,IXI288-Guys-0879-T1.nii,67.73990418,Female,78.58453114,2.0,252.0,True,Female
289,Guys,IXI289-Guys-0864-T1.nii,73.5633128,Male,60.84052019,1.0,253.0,True,Male
290,IOP,IXI290-IOP-0874-T1.nii,61.78507871,Female,45.7522245,2.0,254.0,True,Female
291,IOP,IXI291-IOP-0882-T1.nii,55.6550308,Male,30.68856947,2.0,255.0,True,Female
292,IOP,IXI292-IOP-0877-T1.nii,44.48186174,Male,23.73169062,2.0,256.0,True,Female
293,IOP,IXI293-IOP-0876-T1.nii,23.4880219,Male,26.52156057,2.0,257.0,True,Female
294,IOP,IXI294-IOP-0868-T1.nii,42.37097878,Female,27.08281999,2.0,258.0,True,Female
296,HH,IXI296-HH-1970-T1.nii,69.28952772,Female,63.97262149,2.0,260.0,True,Female
297,Guys,IXI297-Guys-0886-T1.nii,69.27583847,Male,51.29089665,1.0,261.0,True,Male
298,Guys,IXI298-Guys-0861-T1.nii,67.77275838,Male,43.46064339,2.0,262.0,True,Female
300,Guys,IXI300-Guys-0880-T1.nii,61.48665298,Female,38.27789185,1.0,264.0,True,Male
303,IOP,IXI303-IOP-0968-T1.nii,48.678987,Male,25.46475017,1.0,266.0,True,Male
304,Guys,IXI304-Guys-0862-T1.nii,62.09445585,Male,46.59000684,2.0,267.0,True,Female
307,IOP,IXI307-IOP-0872-T1.nii,38.58726899,Female,33.00479124,1.0,270.0,True,Male
308,Guys,IXI308-Guys-0884-T1.nii,62.68035592,Male,41.20465435,1.0,271.0,True,Male
309,IOP,IXI309-IOP-0897-T1.nii,56.91991786,Female,33.92197125,1.0,272.0,True,Male
310,IOP,IXI310-IOP-0890-T1.nii,52.6899384,Female,62.01779603,2.0,273.0,True,Female
311,Guys,IXI311-Guys-0885-T1.nii,45.61533196,Male,61.58795346,1.0,274.0,True,Male
312,Guys,IXI312-Guys-0887-T1.nii,64.10403833,Female,59.14852841,2.0,275.0,True,Female
313,HH,IXI313-HH-2241-T1.nii,63.54004107,Female,65.85352498,1.0,276.0,True,Male
314,IOP,IXI314-IOP-0889-T1.nii,62.06160164,Female,45.85900068,1.0,277.0,True,Male
315,IOP,IXI315-IOP-0888-T1.nii,62.06160164,Female,25.45106092,2.0,278.0,True,Female
316,HH,IXI316-HH-1862-T1.nii,54.19301848,Female,56.93908282,1.0,279.0,True,Male
317,Guys,IXI317-Guys-0896-T1.nii,54.19301848,Female,67.79466119,1.0,280.0,True,Male
318,Guys,IXI318-Guys-0895-T1.nii,41.09514031,Female,54.48596851,2.0,281.0,True,Female
319,Guys,IXI319-Guys-0901-T1.nii,60.91991786,Female,59.4715948,1.0,282.0,True,Male
320,Guys,IXI320-Guys-0902-T1.nii,67.16221766,Female,29.73853525,2.0,283.0,True,Female
321,Guys,IXI321-Guys-0903-T1.nii,66.52703628,Female,54.74332649,2.0,284.0,True,Female
322,IOP,IXI322-IOP-0891-T1.nii,54.21492129,Female,28.47638604,2.0,285.0,True,Female
324,Guys,IXI324-Guys-0922-T1.nii,60.59685147,Female,60.07939767,1.0,286.0,True,Male
325,Guys,IXI325-Guys-0911-T1.nii,60.59685147,Female,52.66529774,2.0,287.0,True,Female
326,Guys,IXI326-Guys-0907-T1.nii,26.39835729,Female,67.73990418,2.0,288.0,True,Female
327,HH,IXI327-HH-1999-T1.nii,29.25667351,Male,73.5633128,1.0,289.0,True,Male
328,HH,IXI328-HH-2295-T1.nii,58.7926078,Female,61.78507871,2.0,290.0,True,Female
329,HH,IXI329-HH-1908-T1.nii,41.05954825,Female,55.6550308,1.0,291.0,True,Male
330,Guys,IXI330-Guys-0881-T1.nii,72.59411362,Female,44.48186174,1.0,292.0,True,Male
331,IOP,IXI331-IOP-0892-T1.nii,72.59411362,Female,23.4880219,1.0,293.0,True,Male
332,IOP,IXI332-IOP-1134-T1.nii,38.83915127,Female,42.37097878,2.0,294.0,True,Female
333,IOP,IXI333-IOP-0926-T1.nii,66.90759754,Female,,,,,
334,HH,IXI334-HH-1907-T1.nii,66.90759754,Female,69.28952772,2.0,296.0,True,Female
335,HH,IXI335-HH-1906-T1.nii,59.67145791,Female,69.27583847,1.0,297.0,True,Male
336,Guys,IXI336-Guys-0904-T1.nii,65.908282,Female,67.77275838,1.0,298.0,True,Male
337,IOP,IXI337-IOP-0929-T1.nii,74.01232033,Female,,,,,
338,HH,IXI338-HH-1971-T1.nii,74.01232033,Female,61.48665298,2.0,300.0,True,Female
340,IOP,IXI340-IOP-0915-T1.nii,52.30116359,Female,,,,,
341,Guys,IXI341-Guys-0906-T1.nii,46.4312115,Female,,,,,
342,Guys,IXI342-Guys-0909-T1.nii,33.34976044,Male,48.678987,1.0,303.0,True,Male
344,Guys,IXI344-Guys-0905-T1.nii,41.88911704,Female,62.09445585,1.0,304.0,True,Male
345,IOP,IXI345-IOP-0928-T1.nii,52.53114305,Male,,,,,
347,IOP,IXI347-IOP-0927-T1.nii,60.10130048,Female,,,,,
348,Guys,IXI348-Guys-0910-T1.nii,53.74948665,Male,38.58726899,2.0,307.0,True,Female
350,Guys,IXI350-Guys-0908-T1.nii,53.56605065,Female,62.68035592,1.0,308.0,True,Male
351,Guys,IXI351-Guys-0914-T1.nii,51.65776865,Female,56.91991786,2.0,309.0,True,Female
353,HH,IXI353-HH-1996-T1.nii,73.54414784,Female,52.6899384,2.0,310.0,True,Female
354,HH,IXI354-HH-2024-T1.nii,55.58110883,Female,45.61533196,1.0,311.0,True,Male
356,HH,IXI356-HH-2049-T1.nii,53.53593429,Female,64.10403833,2.0,312.0,True,Female
357,HH,IXI357-HH-2076-T1.nii,53.53593429,Female,63.54004107,2.0,313.0,True,Female
358,Guys,IXI358-Guys-0919-T1.nii,62.73785079,Male,62.06160164,2.0,314.0,True,Female
359,Guys,IXI359-Guys-0918-T1.nii,58.56810404,Female,62.06160164,2.0,314.0,True,Female
360,Guys,IXI360-Guys-0912-T1.nii,58.28336756,Female,54.19301848,2.0,316.0,True,Female
361,Guys,IXI361-Guys-0913-T1.nii,58.28062971,Female,54.19301848,2.0,316.0,True,Female
362,HH,IXI362-HH-2051-T1.nii,52.12867899,Female,41.09514031,2.0,318.0,True,Female
363,HH,IXI363-HH-2050-T1.nii,70.95140315,Female,60.91991786,2.0,319.0,True,Female
364,Guys,IXI364-Guys-0920-T1.nii,53.41273101,Female,67.16221766,2.0,320.0,True,Female
365,Guys,IXI365-Guys-0923-T1.nii,53.41273101,Female,66.52703628,2.0,321.0,True,Female
367,Guys,IXI367-Guys-0917-T1.nii,59.83572895,Female,54.21492129,2.0,322.0,True,Female
368,Guys,IXI368-Guys-0916-T1.nii,59.74264203,Female,54.21492129,2.0,322.0,True,Female
369,Guys,IXI369-Guys-0924-T1.nii,72.32580424,Female,60.59685147,2.0,324.0,True,Female
370,Guys,IXI370-Guys-0921-T1.nii,72.14510609,Female,60.59685147,2.0,324.0,True,Female
371,IOP,IXI371-IOP-0970-T1.nii,59.88227242,Male,26.39835729,2.0,326.0,True,Female
372,IOP,IXI372-IOP-0971-T1.nii,59.74264203,Female,29.25667351,1.0,327.0,True,Male
373,IOP,IXI373-IOP-0967-T1.nii,73.18275154,Female,58.7926078,2.0,328.0,True,Female
375,Guys,IXI375-Guys-0925-T1.nii,37.09787817,Male,41.05954825,2.0,329.0,True,Female
376,Guys,IXI376-Guys-0938-T1.nii,39.02258727,Male,72.59411362,2.0,330.0,True,Female
377,Guys,IXI377-Guys-0937-T1.nii,46.29705681,Male,72.59411362,2.0,330.0,True,Female
378,IOP,IXI378-IOP-0972-T1.nii,19.98083504,Female,38.83915127,2.0,332.0,True,Female
379,Guys,IXI379-Guys-0943-T1.nii,55.54004107,Female,66.90759754,2.0,333.0,True,Female
380,Guys,IXI380-Guys-0944-T1.nii,55.54004107,Female,66.90759754,2.0,333.0,True,Female
381,Guys,IXI381-Guys-1024-T1.nii,72.0054757,Female,59.67145791,2.0,335.0,True,Female
382,IOP,IXI382-IOP-1135-T1.nii,58.7816564,Female,65.908282,2.0,336.0,True,Female
383,HH,IXI383-HH-2099-T1.nii,57.73853525,Male,74.01232033,2.0,337.0,True,Female
384,HH,IXI384-HH-2100-T1.nii,73.90006845,Female,74.01232033,2.0,337.0,True,Female
385,HH,IXI385-HH-2078-T1.nii,67.24161533,Female,64.64613279,2.0,339.0,True,Female
387,HH,IXI387-HH-2101-T1.nii,28.34770705,Male,46.4312115,2.0,341.0,True,Female
388,IOP,IXI388-IOP-0973-T1.nii,55.59753593,Female,33.34976044,1.0,342.0,True,Male
389,Guys,IXI389-Guys-0930-T1.nii,63.67693361,Male,58.36824093,2.0,343.0,True,Female
390,Guys,IXI390-Guys-0931-T1.nii,43.91786448,Female,41.88911704,2.0,344.0,True,Female
391,Guys,IXI391-Guys-0934-T1.nii,48.10130048,Male,52.53114305,1.0,345.0,True,Male
392,Guys,IXI392-Guys-1064-T1.nii,48.10130048,Female,62.45585216,2.0,346.0,True,Female
393,Guys,IXI393-Guys-0941-T1.nii,61.36618754,Male,60.10130048,2.0,347.0,True,Female
394,Guys,IXI394-Guys-0940-T1.nii,69.13347023,Male,53.74948665,1.0,348.0,True,Male
395,IOP,IXI395-IOP-0969-T1.nii,58.37645448,Female,45.03216975,1.0,349.0,True,Male
396,HH,IXI396-HH-2115-T1.nii,60.02737851,Male,53.56605065,2.0,350.0,True,Female
397,Guys,IXI397-Guys-0953-T1.nii,60.10951403,Female,51.65776865,2.0,351.0,True,Female
398,Guys,IXI398-Guys-0952-T1.nii,72.82683094,Female,51.65776865,2.0,351.0,True,Female
399,Guys,IXI399-Guys-0966-T1.nii,79.41409993,Male,73.54414784,2.0,353.0,True,Female
400,Guys,IXI400-Guys-0977-T1.nii,46.89664613,Male,55.58110883,2.0,354.0,True,Female
401,Guys,IXI401-Guys-0978-T1.nii,68.50924025,Male,55.58110883,2.0,354.0,True,Female
402,Guys,IXI402-Guys-0961-T1.nii,41.13073238,Female,53.53593429,2.0,356.0,True,Female
403,Guys,IXI403-Guys-0965-T1.nii,63.40314853,Female,53.53593429,2.0,356.0,True,Female
404,Guys,IXI404-Guys-0950-T1.nii,63.41683778,Male,62.73785079,1.0,358.0,True,Male
405,Guys,IXI405-Guys-0948-T1.nii,32.57768652,Male,58.56810404,2.0,359.0,True,Female
406,Guys,IXI406-Guys-0963-T1.nii,68.48186174,Female,58.28336756,2.0,360.0,True,Female
407,Guys,IXI407-Guys-0964-T1.nii,70.2477755,Female,58.28062971,2.0,361.0,True,Female
409,Guys,IXI409-Guys-0960-T1.nii,70.71047228,Male,70.95140315,2.0,363.0,True,Female
410,Guys,IXI410-Guys-0958-T1.nii,62.4257358,Female,53.41273101,2.0,364.0,True,Female
411,Guys,IXI411-Guys-0959-T1.nii,60.89527721,Female,53.41273101,2.0,364.0,True,Female
412,Guys,IXI412-Guys-0949-T1.nii,60.89527721,Female,58.56810404,2.0,359.0,True,Female
413,Guys,IXI413-Guys-0955-T1.nii,75.07734428,Female,59.83572895,2.0,367.0,True,Female
414,Guys,IXI414-Guys-0957-T1.nii,70.14373717,Female,59.74264203,2.0,368.0,True,Female
415,Guys,IXI415-Guys-0942-T1.nii,86.31895962,Female,72.32580424,2.0,369.0,True,Female
416,Guys,IXI416-Guys-1051-T1.nii,69.28131417,Male,72.14510609,2.0,370.0,True,Female
417,Guys,IXI417-Guys-0939-T1.nii,66.9486653,Female,59.88227242,1.0,371.0,True,Male
418,Guys,IXI418-Guys-0956-T1.nii,67.69883641,Male,59.74264203,2.0,368.0,True,Female
419,Guys,IXI419-Guys-1027-T1.nii,32.83778234,Male,73.18275154,2.0,373.0,True,Female
420,Guys,IXI420-Guys-1028-T1.nii,35.9835729,Male,73.18275154,2.0,373.0,True,Female
422,Guys,IXI422-Guys-1071-T1.nii,34.01232033,Female,37.09787817,1.0,375.0,True,Male
423,IOP,IXI423-IOP-0974-T1.nii,32.70362765,Female,39.02258727,1.0,376.0,True,Male
424,IOP,IXI424-IOP-0991-T1.nii,78.35728953,Female,46.29705681,1.0,377.0,True,Male
425,IOP,IXI425-IOP-0988-T1.nii,46.4257358,Female,19.98083504,2.0,378.0,True,Female
426,IOP,IXI426-IOP-1011-T1.nii,49.01574264,Male,,,,,
427,IOP,IXI427-IOP-1012-T1.nii,60.0164271,Female,,,,,
428,Guys,IXI428-Guys-0996-T1.nii,60.0164271,Female,55.54004107,2.0,379.0,True,Female
429,Guys,IXI429-Guys-0997-T1.nii,65.33059548,Male,55.54004107,2.0,379.0,True,Female
430,IOP,IXI430-IOP-0990-T1.nii,72.09034908,Female,72.0054757,2.0,381.0,True,Female
431,Guys,IXI431-Guys-0986-T1.nii,63.39219713,Female,58.7816564,2.0,382.0,True,Female
432,Guys,IXI432-Guys-0987-T1.nii,66.37371663,Male,57.73853525,1.0,383.0,True,Male
433,IOP,IXI433-IOP-0989-T1.nii,68.85147159,Female,73.90006845,2.0,384.0,True,Female
434,IOP,IXI434-IOP-1010-T1.nii,63.83572895,Female,67.24161533,2.0,385.0,True,Female
435,IOP,IXI435-IOP-1040-T1.nii,66.275154,Male,,,,,
436,HH,IXI436-HH-2153-T1.nii,69.06776181,Female,28.34770705,1.0,387.0,True,Male
437,HH,IXI437-HH-2152-T1.nii,69.06776181,Female,55.59753593,2.0,388.0,True,Female
438,HH,IXI438-HH-2155-T1.nii,70.14099932,Female,63.67693361,1.0,389.0,True,Male
439,HH,IXI439-HH-2114-T1.nii,75.97262149,Female,43.91786448,2.0,390.0,True,Female
440,HH,IXI440-HH-2127-T1.nii,69.28952772,Female,48.10130048,1.0,391.0,True,Male
441,HH,IXI441-HH-2154-T1.nii,67.76728268,Male,48.10130048,1.0,391.0,False,Male
442,IOP,IXI442-IOP-1041-T1.nii,66.33264887,Male,61.36618754,1.0,393.0,True,Male
443,HH,IXI443-HH-2215-T1.nii,60.8678987,Female,69.13347023,1.0,394.0,True,Male
444,HH,IXI444-HH-2270-T1.nii,62.80355921,Female,58.37645448,2.0,395.0,True,Female
445,HH,IXI445-HH-2269-T1.nii,72.30663929,Male,60.02737851,1.0,396.0,True,Male
446,HH,IXI446-HH-2325-T1.nii,76.78028747,Female,60.10951403,2.0,397.0,True,Female
447,Guys,IXI447-Guys-0979-T1.nii,82.18754278,Male,72.82683094,2.0,398.0,True,Female
448,HH,IXI448-HH-2393-T1.nii,63.18138261,Male,79.41409993,1.0,399.0,True,Male
449,Guys,IXI449-Guys-1082-T1.nii,67.11293634,Female,46.89664613,1.0,400.0,True,Male
450,Guys,IXI450-Guys-1093-T1.nii,63.87679671,Female,68.50924025,1.0,401.0,True,Male
451,HH,IXI451-HH-2212-T1.nii,65.09514031,Male,41.13073238,2.0,402.0,True,Female
452,HH,IXI452-HH-2213-T1.nii,68.15058179,Male,63.40314853,2.0,403.0,True,Female
453,HH,IXI453-HH-2214-T1.nii,62.24503765,Female,63.41683778,1.0,404.0,True,Male
454,Guys,IXI454-Guys-1083-T1.nii,69.68925394,Female,32.57768652,1.0,405.0,True,Male
455,Guys,IXI455-Guys-0981-T1.nii,71.66324435,Male,68.48186174,2.0,406.0,True,Female
456,Guys,IXI456-Guys-1019-T1.nii,60.93086927,Female,70.2477755,2.0,407.0,True,Female
457,Guys,IXI457-Guys-0984-T1.nii,32.42436687,Female,,,,,
458,Guys,IXI458-Guys-0993-T1.nii,64.57768652,Female,70.71047228,1.0,409.0,True,Male
459,Guys,IXI459-Guys-0992-T1.nii,64.75017112,Male,62.4257358,2.0,410.0,True,Female
460,Guys,IXI460-Guys-0999-T1.nii,62.08898015,Female,60.89527721,2.0,411.0,True,Female
461,Guys,IXI461-Guys-0998-T1.nii,60.41067762,Female,60.89527721,2.0,411.0,True,Female
462,IOP,IXI462-IOP-1042-T1.nii,36.16427105,Male,75.07734428,2.0,413.0,True,Female
463,IOP,IXI463-IOP-1043-T1.nii,75.8275154,Female,70.14373717,2.0,414.0,True,Female
464,IOP,IXI464-IOP-1029-T1.nii,57.50581793,Male,86.31895962,2.0,415.0,True,Female
465,HH,IXI465-HH-2176-T1.nii,70.83641342,Female,69.28131417,1.0,416.0,True,Male
467,Guys,IXI467-Guys-0983-T1.nii,63.41957563,Female,66.9486653,2.0,417.0,True,Female
468,Guys,IXI468-Guys-0985-T1.nii,33.51676934,Female,67.69883641,1.0,418.0,True,Male
469,IOP,IXI469-IOP-1136-T1.nii,41.51950719,Male,32.83778234,1.0,419.0,True,Male
470,IOP,IXI470-IOP-1030-T1.nii,54.6091718,Female,35.9835729,1.0,420.0,True,Male
473,IOP,IXI473-IOP-1137-T1.nii,75.93702943,Male,68.13415469,1.0,421.0,True,Male
474,IOP,IXI474-IOP-1138-T1.nii,36.55304586,Male,34.01232033,2.0,422.0,True,Female
475,IOP,IXI475-IOP-1139-T1.nii,73.60438056,Male,32.70362765,2.0,423.0,True,Female
476,IOP,IXI476-IOP-1140-T1.nii,69.60985626,Male,78.35728953,2.0,424.0,True,Female
477,IOP,IXI477-IOP-1141-T1.nii,65.25941136,Female,46.4257358,2.0,425.0,True,Female
478,IOP,IXI478-IOP-1142-T1.nii,58.83093771,Female,49.01574264,1.0,426.0,True,Male
479,Guys,IXI479-Guys-1034-T1.nii,67.45516769,Female,60.0164271,2.0,427.0,True,Female
480,Guys,IXI480-Guys-1033-T1.nii,81.94113621,Female,60.0164271,2.0,427.0,True,Female
481,HH,IXI481-HH-2175-T1.nii,78.07255305,Male,65.33059548,1.0,429.0,True,Male
482,HH,IXI482-HH-2178-T1.nii,36.42162902,Female,72.09034908,2.0,430.0,True,Female
483,HH,IXI483-HH-2177-T1.nii,44.38329911,Female,63.39219713,2.0,431.0,True,Female
484,HH,IXI484-HH-2179-T1.nii,70.51882272,Male,66.37371663,1.0,432.0,True,Male
485,HH,IXI485-HH-2180-T1.nii,58.04243669,Female,68.85147159,2.0,433.0,True,Female
486,Guys,IXI486-Guys-1005-T1.nii,60.07392197,Female,63.83572895,2.0,434.0,True,Female
487,Guys,IXI487-Guys-1037-T1.nii,66.32991102,Female,66.275154,1.0,435.0,True,Male
488,Guys,IXI488-Guys-1015-T1.nii,25.01848049,Female,69.06776181,2.0,436.0,True,Female
489,Guys,IXI489-Guys-1014-T1.nii,59.90691307,Female,69.06776181,2.0,436.0,True,Female
490,Guys,IXI490-Guys-1018-T1.nii,70.50239562,Female,70.14099932,2.0,438.0,True,Female
491,Guys,IXI491-Guys-1032-T1.nii,64.66255989,Female,75.97262149,2.0,439.0,True,Female
492,Guys,IXI492-Guys-1022-T1.nii,70.10540726,Male,69.28952772,2.0,296.0,True,Female
493,Guys,IXI493-Guys-1007-T1.nii,65.66735113,Female,67.76728268,1.0,441.0,True,Male
494,Guys,IXI494-Guys-1008-T1.nii,55.63586585,Male,66.33264887,1.0,442.0,True,Male
495,Guys,IXI495-Guys-1009-T1.nii,66.85831622,Female,60.8678987,2.0,443.0,True,Female
496,Guys,IXI496-Guys-1045-T1.nii,67.81930185,Female,62.80355921,2.0,444.0,True,Female
497,Guys,IXI497-Guys-1002-T1.nii,63.86858316,Male,72.30663929,1.0,445.0,True,Male
498,Guys,IXI498-Guys-1050-T1.nii,31.57837098,Female,76.78028747,2.0,446.0,True,Female
499,Guys,IXI499-Guys-1004-T1.nii,42.78986995,Female,82.18754278,1.0,447.0,True,Male
500,Guys,IXI500-Guys-1017-T1.nii,28.37234771,Female,63.18138261,1.0,448.0,True,Male
501,Guys,IXI501-Guys-1016-T1.nii,63.816564,Male,67.11293634,2.0,449.0,True,Female
502,Guys,IXI502-Guys-1020-T1.nii,42.9705681,Female,63.87679671,2.0,450.0,True,Female
503,Guys,IXI503-Guys-1021-T1.nii,28.56125941,Female,65.09514031,1.0,451.0,True,Male
504,Guys,IXI504-Guys-1025-T1.nii,33.68651608,Female,68.15058179,1.0,452.0,True,Male
505,Guys,IXI505-Guys-1026-T1.nii,56.96372348,Male,62.24503765,2.0,453.0,True,Female
506,Guys,IXI506-Guys-1035-T1.nii,38.88569473,Female,69.68925394,2.0,454.0,True,Female
507,Guys,IXI507-Guys-1036-T1.nii,41.94934976,Female,71.66324435,1.0,455.0,True,Male
508,HH,IXI508-HH-2268-T1.nii,35.45516769,Female,60.93086927,2.0,456.0,True,Female
510,IOP,IXI510-IOP-1143-T1.nii,57.75496235,Female,32.42436687,2.0,457.0,True,Female
511,HH,IXI511-HH-2238-T1.nii,67.33196441,Female,64.57768652,2.0,458.0,True,Female
512,Guys,IXI512-Guys-1054-T1.nii,64.18617385,Female,64.75017112,1.0,459.0,True,Male
515,HH,IXI515-HH-2377-T1.nii,29.77138946,Male,62.08898015,2.0,460.0,True,Female
516,HH,IXI516-HH-2297-T1.nii,41.32785763,Male,60.41067762,2.0,461.0,True,Female
517,IOP,IXI517-IOP-1144-T1.nii,28.12046543,Male,36.16427105,1.0,462.0,True,Male
518,HH,IXI518-HH-2239-T1.nii,34.36550308,Male,75.8275154,2.0,463.0,True,Female
519,HH,IXI519-HH-2240-T1.nii,33.59342916,Male,57.50581793,1.0,464.0,True,Male
522,HH,IXI522-HH-2453-T1.nii,59.89322382,Female,28.93360712,2.0,466.0,True,Female
523,Guys,IXI523-Guys-1056-T1.nii,48.07939767,Male,63.41957563,2.0,467.0,True,Female
524,HH,IXI524-HH-2412-T1.nii,55.21971253,Female,33.51676934,2.0,468.0,True,Female
525,HH,IXI525-HH-2413-T1.nii,61.99589322,Male,41.51950719,1.0,469.0,True,Male
526,HH,IXI526-HH-2392-T1.nii,49.59616701,Female,54.6091718,2.0,470.0,True,Female
527,HH,IXI527-HH-2376-T1.nii,29.66461328,Male,,,,,
528,Guys,IXI528-Guys-1073-T1.nii,43.07734428,Female,40.5284052,1.0,472.0,True,Male
531,Guys,IXI531-Guys-1057-T1.nii,38.9596167,Male,75.93702943,1.0,473.0,True,Male
532,IOP,IXI532-IOP-1145-T1.nii,35.51540041,Male,36.55304586,1.0,474.0,True,Male
533,Guys,IXI533-Guys-1066-T1.nii,66.01505818,Female,73.60438056,1.0,475.0,True,Male
534,Guys,IXI534-Guys-1062-T1.nii,70.33264887,Female,69.60985626,1.0,476.0,True,Male
535,Guys,IXI535-Guys-1061-T1.nii,60.53935661,Male,65.25941136,2.0,477.0,True,Female
536,Guys,IXI536-Guys-1059-T1.nii,83.8110883,Male,58.83093771,2.0,478.0,True,Female
537,HH,IXI537-HH-2378-T1.nii,52.49828884,Male,67.45516769,2.0,479.0,True,Female
538,HH,IXI538-HH-2411-T1.nii,28.99657769,Male,81.94113621,2.0,480.0,True,Female
539,Guys,IXI539-Guys-1067-T1.nii,56.67624914,Male,78.07255305,1.0,481.0,True,Male
541,IOP,IXI541-IOP-1146-T1.nii,33.91649555,Male,36.42162902,2.0,482.0,True,Female
542,IOP,IXI542-IOP-1147-T1.nii,25.58521561,Male,44.38329911,2.0,483.0,True,Female
543,IOP,IXI543-IOP-1148-T1.nii,26.92950034,Female,70.51882272,1.0,484.0,True,Male
544,HH,IXI544-HH-2395-T1.nii,55.08829569,Male,58.04243669,2.0,485.0,True,Female
546,HH,IXI546-HH-2450-T1.nii,37.94934976,Male,60.07392197,2.0,486.0,True,Female
547,IOP,IXI547-IOP-1149-T1.nii,24.87611225,Male,,,,,
548,IOP,IXI548-IOP-1150-T1.nii,31.61670089,Male,66.32991102,2.0,487.0,True,Female
549,Guys,IXI549-Guys-1046-T1.nii,59.68514716,Male,25.01848049,2.0,488.0,True,Female
551,Guys,IXI551-Guys-1065-T1.nii,47.06913073,Male,70.50239562,2.0,490.0,True,Female
552,Guys,IXI552-Guys-1063-T1.nii,64.26830938,Male,64.66255989,2.0,491.0,True,Female
553,IOP,IXI553-IOP-1151-T1.nii,68.48459959,Male,,,,,
554,Guys,IXI554-Guys-1068-T1.nii,59.26351814,Male,70.10540726,1.0,492.0,True,Male
555,Guys,IXI555-Guys-1074-T1.nii,54.68583162,Male,65.66735113,2.0,493.0,True,Female
556,HH,IXI556-HH-2452-T1.nii,41.30047912,Male,55.63586585,1.0,494.0,True,Male
558,Guys,IXI558-Guys-1079-T1.nii,36.7063655,Male,66.85831622,2.0,495.0,True,Female
559,HH,IXI559-HH-2394-T1.nii,34.05612594,Male,67.81930185,2.0,496.0,True,Female
560,Guys,IXI560-Guys-1070-T1.nii,25.53045859,Male,63.86858316,1.0,497.0,True,Male
561,IOP,IXI561-IOP-1152-T1.nii,43.15674196,Male,31.57837098,2.0,498.0,True,Female
565,HH,IXI565-HH-2534-T1.nii,80.80219028,Male,63.816564,1.0,501.0,True,Male
566,HH,IXI566-HH-2535-T1.nii,68.12320329,Male,42.9705681,2.0,502.0,True,Female
567,HH,IXI567-HH-2536-T1.nii,57.06776181,Male,28.56125941,2.0,503.0,True,Female
569,Guys,IXI569-Guys-1101-T1.nii,56.8733744,Male,56.96372348,1.0,505.0,True,Male
571,IOP,IXI571-IOP-1154-T1.nii,47.72347707,Male,38.88569473,2.0,506.0,True,Female
572,HH,IXI572-HH-2605-T1.nii,50.39561944,Male,41.94934976,2.0,507.0,True,Female
573,IOP,IXI573-IOP-1155-T1.nii,42.98973306,Male,35.45516769,2.0,508.0,True,Female
574,IOP,IXI574-IOP-1156-T1.nii,46.22039699,Male,50.57357974,2.0,509.0,True,Female
576,Guys,IXI576-Guys-1077-T1.nii,41.7412731,Male,67.33196441,2.0,511.0,True,Female
