IXI_ID,actual_age,as_stored,transposed
44,44.851471594798085,52.94017791748047,56.91924285888672
292,23.731690622861056,52.8486442565918,41.863155364990234
225,47.01437371663244,50.462196350097656,51.601966857910156
160,39.39767282683093,37.65115737915039,41.813743591308594
110,37.76591375770021,42.290767669677734,50.32109451293945
193,55.23887748117728,56.05691909790039,55.707733154296875
475,32.70362765229295,50.610557556152344,36.076412200927734
143,31.956194387405887,35.537994384765625,43.87742233276367
378,38.83915126625599,54.37205505371094,46.06932830810547
324,60.07939767282683,59.37785339355469,61.847103118896484
189,41.71937029431896,39.92283630371094,47.6019172668457
48,50.65023956194388,54.22330856323242,53.96778106689453
84,38.2340862422998,47.31891632080078,51.08974075317383
78,28.50650239561944,33.85118865966797,44.365814208984375
397,51.657768651608485,57.48085021972656,57.163780212402344
450,68.50924024640658,70.72393035888672,68.21603393554688
360,54.19301848049281,49.959110260009766,51.016693115234375
156,59.38124572210815,57.66180419921875,60.01555633544922
344,62.09445585215606,59.3090705871582,57.152313232421875
518,75.82751540041068,70.14032745361328,66.11605834960938
399,73.54414784394251,64.5718765258789,62.002769470214844
413,59.83572895277207,62.46923828125,61.034210205078125
561,31.578370978781656,53.99071502685547,50.344398498535156
223,63.24709103353867,62.189552307128906,58.25524139404297
112,23.698836413415467,33.81770324707031,41.898963928222656
431,58.78165639972622,57.18260955810547,57.210296630859375
503,65.09514031485284,70.3052978515625,62.604434967041016
554,70.10540725530458,71.4500961303711,67.37425231933594
478,49.01574264202601,57.1324462890625,44.38330841064453
512,64.75017111567419,68.84257507324219,65.94985961914062
275,24.175222450376456,30.80887794494629,34.82181930541992
321,54.743326488706366,61.38063430786133,60.55719757080078
15,24.28473648186174,48.225364685058594,54.38496398925781
398,51.657768651608485,49.29747772216797,51.741546630859375
495,60.86789869952088,60.77804946899414,61.28048324584961
382,65.90828199863107,60.51750183105469,48.967987060546875
481,65.3305954825462,57.46652603149414,58.3421516418457
253,24.00273785078713,22.551883697509766,32.785797119140625
175,72.26557152635182,72.31257629394531,67.19026947021484
342,48.67898699520876,48.32537841796875,55.552581787109375
311,61.58795345653662,67.8345947265625,62.75830841064453
212,59.12936344969199,58.418880462646484,58.84733200073242
83,30.89390828199863,40.788570404052734,44.1231689453125
296,63.97262149212868,63.9752197265625,60.35721969604492
381,59.67145790554415,65.00337219238281,63.25988006591797
61,59.00342231348392,52.97175598144531,52.658775329589844
460,60.8952772073922,60.42273712158203,60.136722564697266
16,55.16769336071184,61.421302795410156,62.27052307128906
85,31.84941820670773,40.25775146484375,48.3734130859375
491,75.97262149212868,64.66423034667969,60.74653244018555
428,55.540041067761805,54.462127685546875,52.95918655395508
391,52.53114305270363,58.3193473815918,59.80788803100586
357,63.540041067761805,62.71440505981445,61.796546936035156
29,59.22245037645448,61.86708450317383,56.92942810058594
392,62.455852156057496,62.25367736816406,63.63282775878906
176,24.854209445585216,39.335880279541016,43.10221862792969
511,64.57768651608487,66.93034362792969,62.83523941040039
507,71.66324435318275,70.25363159179688,65.79264068603516
123,46.57905544147844,49.08448791503906,51.15628433227539
229,72.3504449007529,70.73207092285156,64.77664184570312
548,66.32991101984942,67.33146667480469,64.02713012695312
486,63.83572895277207,60.89396667480469,57.81727600097656
544,58.04243668720055,65.58906555175781,63.64886474609375
330,44.48186173853525,47.560768127441406,53.555938720703125
270,61.01574264202601,60.61793899536133,59.381690979003906
537,67.4551676933607,66.02920532226562,63.767601013183594
456,70.24777549623545,64.41382598876953,58.283260345458984
377,72.59411362080766,68.56336975097656,63.956539154052734
42,27.822039698836413,30.012954711914062,41.20189666748047
205,45.379876796714576,50.318450927734375,53.918785095214844
531,75.93702943189597,69.12703704833984,66.1512680053711
356,64.10403832991102,52.631107330322266,55.34334182739258
327,73.56331279945243,67.06170654296875,62.29143142700195
265,27.381245722108144,42.41664505004883,45.35737991333008
379,66.90759753593429,65.63044738769531,62.67664337158203
213,54.66392881587954,53.790313720703125,47.1270866394043
134,47.35386721423682,51.165924072265625,53.17097473144531
370,60.5968514715948,60.924522399902344,60.89654541015625
443,69.13347022587268,68.89320373535156,64.36514282226562
248,44.87611225188228,49.50481414794922,50.207759857177734
287,44.99110198494182,54.034095764160156,58.6270751953125
505,62.24503764544832,64.017578125,60.383934020996094
402,53.53593429158111,47.808021545410156,51.09914016723633
130,38.77344284736482,45.61244583129883,52.38389205932617
559,67.81930184804928,65.03868103027344,63.387908935546875
247,29.817932922655714,45.03456115722656,49.56187438964844
415,72.32580424366871,71.32868957519531,66.85322570800781
17,29.09240246406571,46.08567810058594,48.19303894042969
483,63.39219712525667,60.589088439941406,58.57947540283203
23,33.07871321013005,29.31222915649414,46.16960525512695
221,48.54757015742642,52.704864501953125,55.36499786376953
254,25.582477754962355,28.894041061401367,39.32326889038086
522,28.933607118412045,35.067543029785156,43.39000701904297
536,58.83093771389459,62.98760986328125,63.488365173339844
499,82.18754277891856,73.96875,66.85855865478516
290,45.75222450376455,58.708587646484375,51.13072967529297
74,22.5325119780972,27.960721969604492,39.56696319580078
489,69.06776180698152,68.98870849609375,60.771602630615234
97,35.02258726899384,40.217220306396484,46.847049713134766
396,53.56605065023956,55.52486801147461,55.712867736816406
