IXI_ID,reason
81,scan ID not present in IXI.xls (no demographics exist)
88,scan ID not present in IXI.xls (no demographics exist)
117,scan ID not present in IXI.xls (no demographics exist)
219,duplicate IXI.xls rows disagree on AGE/SEX (ambiguous label)
228,scan ID not present in IXI.xls (no demographics exist)
328,duplicate IXI.xls rows disagree on AGE/SEX (ambiguous label)
333,scan ID not present in IXI.xls (no demographics exist)
337,scan ID not present in IXI.xls (no demographics exist)
340,scan ID not present in IXI.xls (no demographics exist)
341,no AGE in IXI.xls (no DOB / study date on file)
345,scan ID not present in IXI.xls (no demographics exist)
347,scan ID not present in IXI.xls (no demographics exist)
435,no AGE in IXI.xls (no DOB / study date on file)
457,scan ID not present in IXI.xls (no demographics exist)
