IXI_ID,split
2,train
12,train
13,val
14,train
15,train
16,test
17,val
19,train
20,test
21,train
22,train
23,train
24,train
25,train
26,train
27,train
28,val
29,train
30,train
31,train
33,train
34,train
35,train
36,val
37,val
38,train
39,train
40,train
41,train
42,train
43,train
44,train
45,val
46,test
48,train
49,train
50,train
51,test
52,val
53,train
54,train
55,train
56,train
57,train
58,train
59,test
60,train
61,test
62,train
63,train
64,train
65,train
66,train
68,test
69,test
70,train
71,train
72,train
74,train
75,train
76,train
77,train
78,train
79,train
80,train
83,train
84,train
85,train
86,train
87,train
89,train
90,train
91,train
92,train
93,train
94,train
95,train
96,train
97,train
98,train
99,val
100,train
101,train
103,train
104,train
105,test
106,test
107,train
108,val
109,train
110,train
111,test
112,train
113,train
114,train
115,test
116,train
118,test
119,train
120,train
121,train
122,train
123,train
126,train
127,train
128,train
129,train
130,train
131,train
132,train
134,train
135,test
136,train
137,val
138,train
139,train
140,train
141,train
142,train
143,train
144,train
145,train
146,val
148,train
150,val
151,train
153,train
154,test
156,train
157,val
158,train
159,train
160,train
161,train
162,val
163,train
164,train
165,test
166,val
167,val
168,test
169,train
170,test
172,train
173,train
174,test
175,train
176,train
177,test
178,train
179,train
180,val
181,train
182,train
183,train
184,train
185,val
186,train
188,train
189,test
191,test
192,train
193,val
194,test
195,train
196,train
197,train
198,train
199,train
201,train
202,train
204,train
205,test
206,test
207,train
208,train
209,train
210,val
211,val
212,train
213,test
214,train
216,train
217,train
218,train
221,train
222,val
223,test
224,train
225,train
226,train
227,train
229,train
230,train
231,train
232,train
233,test
234,train
236,train
237,train
238,train
239,train
240,train
241,val
242,train
244,train
246,train
247,train
248,train
249,train
250,val
251,test
252,train
253,test
254,train
255,test
256,train
257,test
258,test
259,train
260,test
261,train
262,val
263,train
264,train
265,val
266,train
267,val
268,train
269,train
270,train
274,train
275,test
276,train
277,val
278,train
279,train
280,train
282,val
284,train
285,train
286,train
287,train
288,train
289,train
290,train
291,train
292,train
293,train
294,train
296,train
297,train
298,train
300,test
303,train
304,train
307,train
308,train
309,train
310,train
311,test
312,test
313,val
314,val
315,test
316,test
317,train
318,train
319,train
320,train
321,train
322,train
324,test
325,test
326,val
327,train
329,test
330,train
331,train
332,train
334,train
335,train
336,val
338,train
342,train
344,test
348,val
350,val
351,train
353,train
354,train
356,val
357,train
358,val
359,val
360,train
361,train
362,train
363,train
364,train
365,train
367,train
368,train
369,val
370,train
371,val
372,train
373,val
375,train
376,test
377,test
378,train
379,train
380,train
381,test
382,val
383,train
384,train
385,val
387,train
388,train
389,val
390,train
391,train
392,train
393,val
394,train
395,train
396,train
397,train
398,train
399,test
400,train
401,train
402,test
403,train
404,train
405,train
406,train
407,train
409,test
410,train
411,train
412,train
413,train
414,train
415,val
416,train
417,val
418,val
419,test
420,train
422,train
423,train
424,train
425,train
426,train
427,train
428,train
429,train
430,train
431,train
432,train
433,test
434,train
436,train
437,train
438,train
439,train
440,train
441,train
442,train
443,train
444,train
445,train
446,val
447,train
448,val
449,train
450,test
451,train
452,test
453,val
454,test
455,train
456,test
458,train
459,train
460,train
461,train
462,train
463,val
464,train
465,train
467,test
468,train
469,test
470,val
473,train
474,test
475,train
476,val
477,val
478,test
479,train
480,train
481,train
482,train
483,train
484,train
485,val
486,test
487,test
488,train
489,train
490,train
491,val
492,test
493,train
494,train
495,val
496,val
497,val
498,test
499,val
500,val
501,train
502,train
503,train
504,val
505,train
506,val
507,train
508,train
510,train
511,train
512,train
515,train
516,train
517,train
518,train
519,train
522,val
523,train
524,test
525,train
526,train
527,train
528,train
531,val
532,train
533,train
534,train
535,val
536,train
537,val
538,train
539,val
541,train
542,train
543,train
544,test
546,test
547,test
548,test
549,test
551,train
552,train
553,val
554,train
555,val
556,train
558,train
559,test
560,test
561,train
565,train
566,val
567,train
569,train
571,train
572,train
573,train
574,test
576,val
